lead_id,case_type,first_name,last_name,email,title,company,industry,company_size,country,form_message,true_grade,truth_rationale
L0201,clean,Liam,Walker,liam.walker200@solidmfg.example.com,Business Analyst,Solid Manufacturing,Manufacturing,1200,Brazil,Evaluating options for customer-service automation.,B,Structured fields are the whole story; message adds nothing.
L0177,clean,Lucas,Olsen,lucas.olsen176@primaservices.example.com,IT Manager,Prima Services,Business Services,45,Japan,"Saw your webinar, want to learn more.",D,Structured fields are the whole story; message adds nothing.
L0082,clean,Nina,Novak,nina.novak81@helixmedia.example.com,IT Manager,Helix Media,Media,150,Australia,,B,Structured fields are the whole story; message adds nothing.
L0098,clean,Ida,Sato,ida.sato97@nimbussoft.example.com,Operations Associate,Nimbus Software,Technology,350,United States,,B,Structured fields are the whole story; message adds nothing.
L0033,clean,Jonas,Fischer,jonas.fischer32@solidmfg.example.com,Support Operations Manager,Solid Manufacturing,Manufacturing,1200,Japan,We'd like to see how the platform handles our ticket volume.,B,Structured fields are the whole story; message adds nothing.
L0248,trap,Noah,Fischer,noah.fischer247@nimbussoft.example.com,Business Analyst,Nimbus Software,Technology,350,France,I'm writing my master's thesis on AI in customer service. Could I get access for research purposes?,D,"Research request, no purchase intent."
L0141,clean,Felix,Novak,felix.novak140@falconenergy.example.com,CEO,Falcon Energy,Energy,2200,South Africa,,A,Structured fields are the whole story; message adds nothing.
L0187,clean,Emma,Kaur,emma.kaur186@cedarcommerce.example.com,Chief Customer Officer,Cedar Commerce,Retail,240,Australia,"Saw your webinar, want to learn more.",A,Structured fields are the whole story; message adds nothing.
L0208,clean,Maja,Berg,maja.berg207@atlastelecom.example.com,Marketing Intern,Atlas Telecom,Telecommunications,9000,United States,Can you show us the reporting capabilities?,B,Structured fields are the whole story; message adds nothing.
L0076,clean,Liam,Klein,liam.klein75@granitefoods.example.com,VP Customer Support,Granite Foods,Manufacturing,600,South Africa,Evaluating options for customer-service automation.,B,Structured fields are the whole story; message adds nothing.
L0030,clean,Nina,Moreau,nina.moreau29@helixmedia.example.com,Service Desk Manager,Helix Media,Media,150,Poland,Can you show us the reporting capabilities?,B,Structured fields are the whole story; message adds nothing.
L0101,clean,Maja,Novak,maja.novak100@cedarcommerce.example.com,Chief Information Officer,Cedar Commerce,Retail,240,Germany,Interested in a demo for our support team.,A,Structured fields are the whole story; message adds nothing.
L0161,clean,Ava,Jensen,ava.jensen160@vertexlogistics.example.com,CEO,Vertex Logistics,Logistics,800,United Kingdom,Interested in a demo for our support team.,A,Structured fields are the whole story; message adds nothing.
L0261,ambiguous,Hugo,Berg,hugo.berg260@cascadeins.example.com,Marketing Intern,Cascade Insurance,Insurance,2800,Australia,Curious about pricing.,B,Borderline; tie-break favors the customer-facing outcome.
L0024,clean,Maja,Silva,maja.silva23@nimbussoft.example.com,Support Operations Manager,Nimbus Software,Technology,350,Germany,Can you show us the reporting capabilities?,B,Structured fields are the whole story; message adds nothing.
L0281,ambiguous,Noah,Silva,noah.silva280@vertexlogistics.example.com,CX Program Manager,Vertex Logistics,Logistics,800,Japan,Just exploring what's out there for now.,B,Borderline; tie-break favors the customer-facing outcome.
L0173,clean,Emma,Kaur,emma.kaur172@falconenergy.example.com,Graduate Student,Falcon Energy,Energy,2200,Canada,,B,Structured fields are the whole story; message adds nothing.
L0276,ambiguous,Sofia,Rossi,sofia.rossi275@vertexlogistics.example.com,Business Analyst,Vertex Logistics,Logistics,800,Canada,Curious about pricing.,B,Borderline; tie-break favors the customer-facing outcome.
L0077,clean,Oscar,Klein,oscar.klein76@personalmail.example.org,VP Customer Support,Orbit Analytics,Technology,90,Australia,Evaluating options for customer-service automation.,D,Structured fields are the whole story; message adds nothing.
L0068,clean,Ida,Klein,ida.klein67@northwindretail.example.com,Support Agent,Northwind Retail Group,Retail,4200,France,"Saw your webinar, want to learn more.",B,Structured fields are the whole story; message adds nothing.
L0020,clean,Ida,Novak,ida.novak19@personalmail.example.org,Support Agent,Nimbus Software,Technology,350,United Kingdom,"Saw your webinar, want to learn more.",D,Structured fields are the whole story; message adds nothing.
L0122,clean,Emma,Varga,emma.varga121@primaservices.example.com,IT Manager,Prima Services,Business Services,45,South Africa,Can you show us the reporting capabilities?,D,Structured fields are the whole story; message adds nothing.
L0181,clean,Hugo,Fischer,hugo.fischer180@helixmedia.example.com,Chief Information Officer,Helix Media,Media,150,United States,Interested in a demo for our support team.,B,Structured fields are the whole story; message adds nothing.
L0203,clean,Felix,Dias,felix.dias202@atlastelecom.example.com,VP Operations,Atlas Telecom,Telecommunications,9000,Canada,Can you show us the reporting capabilities?,A,Structured fields are the whole story; message adds nothing.
L0060,clean,Noah,Sato,noah.sato59@falconenergy.example.com,Graduate Student,Falcon Energy,Energy,2200,Brazil,,B,Structured fields are the whole story; message adds nothing.
L0284,ambiguous,Sofia,Klein,sofia.klein283@falconenergy.example.com,IT Manager,Falcon Energy,Energy,2200,Australia,Just exploring what's out there for now.,B,Borderline; tie-break favors the customer-facing outcome.
L0224,trap,Felix,Moreau,felix.moreau223@personalmail.example.org,Head of Support Operations,Beacon Financial,Financial Services,1500,United States,Writing from my personal address — I'm the Head of Support Operations at Beacon Financial. We have budget approved for a knowledge-management overhaul this quarter.,A,"Personal email hides an enterprise buyer; the message names the company, scale, and buying intent."
L0092,clean,Noah,Fischer,noah.fischer91@granitefoods.example.com,VP Customer Support,Granite Foods,Manufacturing,600,United Kingdom,,A,Structured fields are the whole story; message adds nothing.
L0286,ambiguous,Lea,Dias,lea.dias285@atlastelecom.example.com,Support Operations Manager,Atlas Telecom,Telecommunications,9000,Poland,Comparing a few tools for a project later this year.,B,Borderline; tie-break favors the customer-facing outcome.
L0107,clean,Felix,Jensen,felix.jensen106@granitefoods.example.com,Business Analyst,Granite Foods,Manufacturing,600,United States,We'd like to see how the platform handles our ticket volume.,B,Structured fields are the whole story; message adds nothing.
L0124,clean,Felix,Novak,felix.novak123@granitefoods.example.com,CEO,Granite Foods,Manufacturing,600,Brazil,Looking to modernize our knowledge base. Please reach out.,A,Structured fields are the whole story; message adds nothing.
L0209,clean,Lea,Kaur,lea.kaur208@helixmedia.example.com,Business Analyst,Helix Media,Media,150,Germany,We'd like to see how the platform handles our ticket volume.,D,Structured fields are the whole story; message adds nothing.
L0001,clean,Lea,Fischer,lea.fischer0@personalmail.example.org,Chief Information Officer,Solid Manufacturing,Manufacturing,1200,Brazil,Interested in a demo for our support team.,D,Structured fields are the whole story; message adds nothing.
L0097,clean,Ava,Sato,ava.sato96@cedarcommerce.example.com,VP Customer Support,Cedar Commerce,Retail,240,France,,A,Structured fields are the whole story; message adds nothing.
L0085,clean,Ida,Novak,ida.novak84@primaservices.example.com,VP Customer Support,Prima Services,Business Services,45,France,We'd like to see how the platform handles our ticket volume.,B,Structured fields are the whole story; message adds nothing.
L0081,clean,Sofia,Klein,sofia.klein80@cascadeins.example.com,Director of IT,Cascade Insurance,Insurance,2800,France,Looking to modernize our knowledge base. Please reach out.,A,Structured fields are the whole story; message adds nothing.
L0041,clean,Noah,Berg,noah.berg40@personalmail.example.org,VP Operations,Northwind Retail Group,Retail,4200,France,We'd like to see how the platform handles our ticket volume.,D,Structured fields are the whole story; message adds nothing.
L0288,ambiguous,Maja,Dias,maja.dias287@beaconfin.example.com,Service Desk Manager,Beacon Financial,Financial Services,1500,Japan,Comparing a few tools for a project later this year.,B,Borderline; tie-break favors the customer-facing outcome.
L0270,ambiguous,Lea,Klein,lea.klein269@northwindretail.example.com,CX Program Manager,Northwind Retail Group,Retail,4200,Brazil,Just exploring what's out there for now.,B,Borderline; tie-break favors the customer-facing outcome.
L0055,clean,Nina,Dias,nina.dias54@cascadeins.example.com,Support Agent,Cascade Insurance,Insurance,2800,Poland,,B,Structured fields are the whole story; message adds nothing.
L0166,clean,Felix,Klein,felix.klein165@harborviewhealth.example.com,VP Operations,Harborview Health,Healthcare,3500,Poland,,A,Structured fields are the whole story; message adds nothing.
L0202,clean,Maja,Walker,maja.walker201@beaconfin.example.com,Service Desk Manager,Beacon Financial,Financial Services,1500,United States,,A,Structured fields are the whole story; message adds nothing.
L0206,clean,Lucas,Sato,lucas.sato205@vertexlogistics.example.com,CEO,Vertex Logistics,Logistics,800,Australia,We'd like to see how the platform handles our ticket volume.,A,Structured fields are the whole story; message adds nothing.
L0013,clean,Emma,Silva,emma.silva12@vertexlogistics.example.com,Director of IT,Vertex Logistics,Logistics,800,Canada,"Saw your webinar, want to learn more.",A,Structured fields are the whole story; message adds nothing.
L0121,clean,Ida,Varga,ida.varga120@harborviewhealth.example.com,Graduate Student,Harborview Health,Healthcare,3500,Germany,Looking to modernize our knowledge base. Please reach out.,B,Structured fields are the whole story; message adds nothing.
L0296,ambiguous,Lucas,Jensen,lucas.jensen295@solidmfg.example.com,Head of Support Operations,Solid Manufacturing,Manufacturing,1200,United Kingdom,A colleague recommended you — not sure yet if this fits our roadmap.,B,Borderline; tie-break favors the customer-facing outcome.
L0099,clean,Jonas,Klein,jonas.klein98@nimbussoft.example.com,Chief Information Officer,Nimbus Software,Technology,350,Japan,,B,Structured fields are the whole story; message adds nothing.
L0233,trap,Hugo,Dias,hugo.dias232@nimbussoft.example.com,Director of CX,Nimbus Software,Technology,350,Brazil,We'd like to feature your product in our paid newsletter. Media-kit rates attached.,D,Not a buyer: a vendor/partner pitch wearing a senior title.
L0131,clean,Ethan,Dias,ethan.dias130@nimbussoft.example.com,Support Operations Manager,Nimbus Software,Technology,350,France,Interested in a demo for our support team.,B,Structured fields are the whole story; message adds nothing.
L0234,trap,Hugo,Moreau,hugo.moreau233@granitefoods.example.com,VP Customer Support,Granite Foods,Manufacturing,600,Poland,"I run an agency helping SaaS companies with SEO. This is about a collaboration, not a purchase.",D,Not a buyer: a vendor/partner pitch wearing a senior title.
L0149,clean,Oscar,Sato,oscar.sato148@solidmfg.example.com,IT Manager,Solid Manufacturing,Manufacturing,1200,Japan,Can you show us the reporting capabilities?,B,Structured fields are the whole story; message adds nothing.
L0257,ambiguous,Ava,Klein,ava.klein256@falconenergy.example.com,Service Desk Manager,Falcon Energy,Energy,2200,United Kingdom,Curious about pricing.,B,Borderline; tie-break favors the customer-facing outcome.
L0044,clean,Mia,Dias,mia.dias43@nimbussoft.example.com,Head of Support Operations,Nimbus Software,Technology,350,Canada,Can you show us the reporting capabilities?,A,Structured fields are the whole story; message adds nothing.
L0015,clean,Sofia,Fischer,sofia.fischer14@nimbussoft.example.com,Marketing Intern,Nimbus Software,Technology,350,France,,B,Structured fields are the whole story; message adds nothing.
L0105,clean,Emma,Kaur,emma.kaur104@helixmedia.example.com,Support Operations Manager,Helix Media,Media,150,United States,,B,Structured fields are the whole story; message adds nothing.
L0007,clean,Lea,Silva,lea.silva6@orbitanalytics.example.com,Operations Associate,Orbit Analytics,Technology,90,France,Looking to modernize our knowledge base. Please reach out.,D,Structured fields are the whole story; message adds nothing.
L0049,clean,Sofia,Olsen,sofia.olsen48@vertexlogistics.example.com,Chief Customer Officer,Vertex Logistics,Logistics,800,Brazil,Interested in a demo for our support team.,A,Structured fields are the whole story; message adds nothing.
L0167,clean,Lucas,Fischer,lucas.fischer166@personalmail.example.org,VP Operations,Northwind Retail Group,Retail,4200,Australia,Looking to modernize our knowledge base. Please reach out.,D,Structured fields are the whole story; message adds nothing.
L0023,clean,Nina,Jensen,nina.jensen22@orbitanalytics.example.com,Service Desk Manager,Orbit Analytics,Technology,90,Canada,,B,Structured fields are the whole story; message adds nothing.
L0241,trap,Oscar,Berg,oscar.berg240@helixmedia.example.com,Director of CX,Helix Media,Media,150,Germany,Reseller inquiry: we distribute software in our region and want margin terms.,D,Not a buyer: a vendor/partner pitch wearing a senior title.
L0054,clean,Emma,Sato,emma.sato53@cascadeins.example.com,Support Operations Manager,Cascade Insurance,Insurance,2800,South Africa,We'd like to see how the platform handles our ticket volume.,B,Structured fields are the whole story; message adds nothing.
L0088,clean,Lea,Moreau,lea.moreau87@kiteconsult.example.com,Service Desk Manager,Kite Consulting,Consulting,12,United States,,D,Structured fields are the whole story; message adds nothing.
L0034,clean,Lucas,Fischer,lucas.fischer33@beaconfin.example.com,CTO,Beacon Financial,Financial Services,1500,South Africa,Looking to modernize our knowledge base. Please reach out.,A,Structured fields are the whole story; message adds nothing.
L0287,ambiguous,Lea,Moreau,lea.moreau286@helixmedia.example.com,VP Operations,Helix Media,Media,150,Australia,Comparing a few tools for a project later this year.,B,Borderline; tie-break favors the customer-facing outcome.
L0057,clean,Liam,Fischer,liam.fischer56@atlastelecom.example.com,CX Program Manager,Atlas Telecom,Telecommunications,9000,Brazil,Evaluating options for customer-service automation.,B,Structured fields are the whole story; message adds nothing.
L0045,clean,Sofia,Sato,sofia.sato44@atlastelecom.example.com,Support Agent,Atlas Telecom,Telecommunications,9000,United Kingdom,We'd like to see how the platform handles our ticket volume.,B,Structured fields are the whole story; message adds nothing.
L0198,clean,Lucas,Moreau,lucas.moreau197@vertexlogistics.example.com,Director of CX,Vertex Logistics,Logistics,800,Canada,We'd like to see how the platform handles our ticket volume.,A,Structured fields are the whole story; message adds nothing.
L0080,clean,Oscar,Silva,oscar.silva79@cascadeins.example.com,Operations Associate,Cascade Insurance,Insurance,2800,Japan,"Saw your webinar, want to learn more.",B,Structured fields are the whole story; message adds nothing.
L0171,clean,Emma,Klein,emma.klein170@cedarcommerce.example.com,VP Operations,Cedar Commerce,Retail,240,Japan,,A,Structured fields are the whole story; message adds nothing.
L0252,trap,Ida,Rossi,ida.rossi251@cedarcommerce.example.com,Head of Support Operations,Cedar Commerce,Retail,240,France,Our current vendor's contract expires in six weeks and we're not renewing. Need a decision path fast — 240 agents to migrate.,A,"Mid-market on paper, but explicit timeline and mandate make it priority."
L0123,clean,Maja,Jensen,maja.jensen122@kiteconsult.example.com,CTO,Kite Consulting,Consulting,12,Japan,"Saw your webinar, want to learn more.",B,Structured fields are the whole story; message adds nothing.
L0169,clean,Maja,Klein,maja.klein168@primaservices.example.com,Business Analyst,Prima Services,Business Services,45,Germany,Interested in a demo for our support team.,D,Structured fields are the whole story; message adds nothing.
L0255,trap,Jonas,Kaur,jonas.kaur254@cedarcommerce.example.com,CX Program Manager,Cedar Commerce,Retail,240,Germany,"Board signed off on replacing our support stack this quarter. Shortlisting two vendors, you're one of them.",A,"Mid-market on paper, but explicit timeline and mandate make it priority."
L0035,clean,Jonas,Sato,jonas.sato34@primaservices.example.com,IT Manager,Prima Services,Business Services,45,Brazil,Interested in a demo for our support team.,D,Structured fields are the whole story; message adds nothing.
L0063,clean,Felix,Fischer,felix.fischer62@northwindretail.example.com,CEO,Northwind Retail Group,Retail,4200,Brazil,Evaluating options for customer-service automation.,A,Structured fields are the whole story; message adds nothing.
L0078,clean,Noah,Olsen,noah.olsen77@atlastelecom.example.com,Operations Associate,Atlas Telecom,Telecommunications,9000,Brazil,,B,Structured fields are the whole story; message adds nothing.
L0220,trap,Emma,Moreau,emma.moreau219@personalmail.example.org,Director of CX,Cascade Insurance,Insurance,2800,Canada,"This is for Cascade Insurance (I'm on the leadership team, ~2800 employees). Corporate email is tied up in an IT migration, please reply here.",A,"Personal email hides an enterprise buyer; the message names the company, scale, and buying intent."
L0042,clean,Maja,Berg,maja.berg41@northwindretail.example.com,CEO,Northwind Retail Group,Retail,4200,Poland,"Saw your webinar, want to learn more.",A,Structured fields are the whole story; message adds nothing.
L0273,ambiguous,Nina,Dias,nina.dias272@northwindretail.example.com,IT Manager,Northwind Retail Group,Retail,4200,Germany,Curious about pricing.,B,Borderline; tie-break favors the customer-facing outcome.
L0021,clean,Maja,Fischer,maja.fischer20@personalmail.example.org,Support Operations Manager,Cascade Insurance,Insurance,2800,Canada,Looking to modernize our knowledge base. Please reach out.,D,Structured fields are the whole story; message adds nothing.
L0268,ambiguous,Ida,Varga,ida.varga267@cedarcommerce.example.com,VP Operations,Cedar Commerce,Retail,240,United States,Curious about pricing.,B,Borderline; tie-break favors the customer-facing outcome.
L0002,clean,Mia,Walker,mia.walker1@cascadeins.example.com,Graduate Student,Cascade Insurance,Insurance,2800,Canada,,B,Structured fields are the whole story; message adds nothing.
L0051,clean,Noah,Novak,noah.novak50@harborviewhealth.example.com,Support Operations Manager,Harborview Health,Healthcare,3500,Germany,Looking to modernize our knowledge base. Please reach out.,A,Structured fields are the whole story; message adds nothing.
L0075,clean,Mia,Moreau,mia.moreau74@personalmail.example.org,Graduate Student,Helix Media,Media,150,Japan,Evaluating options for customer-service automation.,D,Structured fields are the whole story; message adds nothing.
L0216,trap,Lucas,Silva,lucas.silva215@personalmail.example.org,Director of CX,Northwind Retail Group,Retail,4200,United Kingdom,"This is for Northwind Retail Group (I'm on the leadership team, ~4200 employees). Corporate email is tied up in an IT migration, please reply here.",A,"Personal email hides an enterprise buyer; the message names the company, scale, and buying intent."
L0289,ambiguous,Ava,Walker,ava.walker288@harborviewhealth.example.com,Operations Associate,Harborview Health,Healthcare,3500,Poland,Comparing a few tools for a project later this year.,B,Borderline; tie-break favors the customer-facing outcome.
L0275,ambiguous,Jonas,Dias,jonas.dias274@primaservices.example.com,Director of IT,Prima Services,Business Services,45,Japan,Just exploring what's out there for now.,D,Borderline; tie-break favors the customer-facing outcome.
L0231,trap,Hugo,Jensen,hugo.jensen230@nimbussoft.example.com,IT Manager,Nimbus Software,Technology,350,France,Reseller inquiry: we distribute software in our region and want margin terms.,D,Not a buyer: a vendor/partner pitch wearing a senior title.
L0106,clean,Sofia,Rossi,sofia.rossi105@atlastelecom.example.com,Operations Associate,Atlas Telecom,Telecommunications,9000,United Kingdom,Can you show us the reporting capabilities?,B,Structured fields are the whole story; message adds nothing.
L0168,clean,Nina,Kaur,nina.kaur167@kiteconsult.example.com,Support Operations Manager,Kite Consulting,Consulting,12,United States,Can you show us the reporting capabilities?,D,Structured fields are the whole story; message adds nothing.
L0156,clean,Lucas,Jensen,lucas.jensen155@primaservices.example.com,Service Desk Manager,Prima Services,Business Services,45,Germany,,D,Structured fields are the whole story; message adds nothing.
L0182,clean,Sofia,Olsen,sofia.olsen181@northwindretail.example.com,Chief Customer Officer,Northwind Retail Group,Retail,4200,United Kingdom,We'd like to see how the platform handles our ticket volume.,A,Structured fields are the whole story; message adds nothing.
L0040,clean,Lucas,Fischer,lucas.fischer39@nimbussoft.example.com,Chief Information Officer,Nimbus Software,Technology,350,Poland,,A,Structured fields are the whole story; message adds nothing.
L0142,clean,Lucas,Fischer,lucas.fischer141@personalmail.example.org,CTO,Northwind Retail Group,Retail,4200,Japan,Can you show us the reporting capabilities?,D,Structured fields are the whole story; message adds nothing.
L0189,clean,Oscar,Varga,oscar.varga188@kiteconsult.example.com,Chief Information Officer,Kite Consulting,Consulting,12,Poland,,B,Structured fields are the whole story; message adds nothing.
L0174,clean,Lucas,Moreau,lucas.moreau173@cascadeins.example.com,IT Manager,Cascade Insurance,Insurance,2800,United States,Evaluating options for customer-service automation.,A,Structured fields are the whole story; message adds nothing.
L0039,clean,Ava,Berg,ava.berg38@beaconfin.example.com,CEO,Beacon Financial,Financial Services,1500,Germany,Looking to modernize our knowledge base. Please reach out.,A,Structured fields are the whole story; message adds nothing.
L0157,clean,Mia,Klein,mia.klein156@personalmail.example.org,Director of CX,Harborview Health,Healthcare,3500,Poland,Looking to modernize our knowledge base. Please reach out.,D,Structured fields are the whole story; message adds nothing.
L0110,clean,Felix,Sato,felix.sato109@northwindretail.example.com,Head of Support Operations,Northwind Retail Group,Retail,4200,United States,Looking to modernize our knowledge base. Please reach out.,A,Structured fields are the whole story; message adds nothing.
L0295,ambiguous,Lea,Berg,lea.berg294@beaconfin.example.com,Support Operations Manager,Beacon Financial,Financial Services,1500,Brazil,A colleague recommended you — not sure yet if this fits our roadmap.,B,Borderline; tie-break favors the customer-facing outcome.
L0176,clean,Sofia,Berg,sofia.berg175@northwindretail.example.com,Director of CX,Northwind Retail Group,Retail,4200,United Kingdom,"Saw your webinar, want to learn more.",A,Structured fields are the whole story; message adds nothing.
L0071,clean,Emma,Dias,emma.dias70@personalmail.example.org,VP Customer Support,Granite Foods,Manufacturing,600,United States,Can you show us the reporting capabilities?,B,Structured fields are the whole story; message adds nothing.
L0240,trap,Felix,Varga,felix.varga239@cascadeins.example.com,Support Operations Manager,Cascade Insurance,Insurance,2800,Poland,"I run an agency helping SaaS companies with SEO. This is about a collaboration, not a purchase.",D,Not a buyer: a vendor/partner pitch wearing a senior title.
L0246,trap,Mia,Fischer,mia.fischer245@granitefoods.example.com,Business Analyst,Granite Foods,Manufacturing,600,Japan,I'm writing my master's thesis on AI in customer service. Could I get access for research purposes?,D,"Research request, no purchase intent."
L0274,ambiguous,Sofia,Walker,sofia.walker273@northwindretail.example.com,Director of IT,Northwind Retail Group,Retail,4200,Poland,Curious about pricing.,B,Borderline; tie-break favors the customer-facing outcome.
L0232,trap,Lea,Kaur,lea.kaur231@harborviewhealth.example.com,Support Operations Manager,Harborview Health,Healthcare,3500,France,We'd like to feature your product in our paid newsletter. Media-kit rates attached.,D,Not a buyer: a vendor/partner pitch wearing a senior title.
L0073,clean,Jonas,Rossi,jonas.rossi72@northwindretail.example.com,Support Agent,Northwind Retail Group,Retail,4200,Brazil,We'd like to see how the platform handles our ticket volume.,B,Structured fields are the whole story; message adds nothing.
L0290,ambiguous,Nina,Silva,nina.silva289@cascadeins.example.com,Service Desk Manager,Cascade Insurance,Insurance,2800,Australia,Just exploring what's out there for now.,B,Borderline; tie-break favors the customer-facing outcome.
L0138,clean,Lucas,Kaur,lucas.kaur137@helixmedia.example.com,Service Desk Manager,Helix Media,Media,150,France,,B,Structured fields are the whole story; message adds nothing.
L0211,trap,Sofia,Kaur,sofia.kaur210@personalmail.example.org,Director of IT,Solid Manufacturing,Manufacturing,1200,France,I run support operations at Solid Manufacturing (1200+ agents). Using my personal email because our filters eat vendor mail. We're evaluating platforms for Q4.,A,"Personal email hides an enterprise buyer; the message names the company, scale, and buying intent."
L0158,clean,Ida,Fischer,ida.fischer157@granitefoods.example.com,CX Program Manager,Granite Foods,Manufacturing,600,Japan,Evaluating options for customer-service automation.,B,Structured fields are the whole story; message adds nothing.
L0207,clean,Liam,Rossi,liam.rossi206@cedarcommerce.example.com,VP Operations,Cedar Commerce,Retail,240,United Kingdom,We'd like to see how the platform handles our ticket volume.,A,Structured fields are the whole story; message adds nothing.
L0151,clean,Maja,Moreau,maja.moreau150@nimbussoft.example.com,Business Analyst,Nimbus Software,Technology,350,Australia,We'd like to see how the platform handles our ticket volume.,D,Structured fields are the whole story; message adds nothing.
L0116,clean,Mia,Jensen,mia.jensen115@cedarcommerce.example.com,Business Analyst,Cedar Commerce,Retail,240,Poland,,B,Structured fields are the whole story; message adds nothing.
L0197,clean,Mia,Rossi,mia.rossi196@harborviewhealth.example.com,VP Operations,Harborview Health,Healthcare,3500,United Kingdom,Can you show us the reporting capabilities?,A,Structured fields are the whole story; message adds nothing.
L0095,clean,Mia,Walker,mia.walker94@helixmedia.example.com,Graduate Student,Helix Media,Media,150,Japan,"Saw your webinar, want to learn more.",D,Structured fields are the whole story; message adds nothing.
L0146,clean,Ethan,Klein,ethan.klein145@solidmfg.example.com,Head of Support Operations,Solid Manufacturing,Manufacturing,1200,Germany,Interested in a demo for our support team.,A,Structured fields are the whole story; message adds nothing.
L0159,clean,Noah,Varga,noah.varga158@cedarcommerce.example.com,Chief Customer Officer,Cedar Commerce,Retail,240,Australia,We'd like to see how the platform handles our ticket volume.,A,Structured fields are the whole story; message adds nothing.
L0278,ambiguous,Lucas,Walker,lucas.walker277@harborviewhealth.example.com,Support Operations Manager,Harborview Health,Healthcare,3500,Brazil,Just exploring what's out there for now.,B,Borderline; tie-break favors the customer-facing outcome.
L0140,clean,Mia,Kaur,mia.kaur139@helixmedia.example.com,Business Analyst,Helix Media,Media,150,United States,Looking to modernize our knowledge base. Please reach out.,D,Structured fields are the whole story; message adds nothing.
L0258,ambiguous,Ida,Sato,ida.sato257@solidmfg.example.com,Business Analyst,Solid Manufacturing,Manufacturing,1200,Australia,A colleague recommended you — not sure yet if this fits our roadmap.,B,Borderline; tie-break favors the customer-facing outcome.
L0118,clean,Sofia,Varga,sofia.varga117@primaservices.example.com,Chief Customer Officer,Prima Services,Business Services,45,United Kingdom,Can you show us the reporting capabilities?,B,Structured fields are the whole story; message adds nothing.
L0222,trap,Mia,Kaur,mia.kaur221@personalmail.example.org,Chief Customer Officer,Beacon Financial,Financial Services,1500,United Kingdom,Writing from my personal address — I'm the Chief Customer Officer at Beacon Financial. We have budget approved for a knowledge-management overhaul this quarter.,A,"Personal email hides an enterprise buyer; the message names the company, scale, and buying intent."
L0235,trap,Lea,Olsen,lea.olsen234@harborviewhealth.example.com,Chief Information Officer,Harborview Health,Healthcare,3500,United States,Reseller inquiry: we distribute software in our region and want margin terms.,D,Not a buyer: a vendor/partner pitch wearing a senior title.
L0017,clean,Ava,Moreau,ava.moreau16@granitefoods.example.com,VP Customer Support,Granite Foods,Manufacturing,600,Australia,Looking to modernize our knowledge base. Please reach out.,A,Structured fields are the whole story; message adds nothing.
L0066,clean,Mia,Jensen,mia.jensen65@personalmail.example.org,Chief Customer Officer,Beacon Financial,Financial Services,1500,Japan,Evaluating options for customer-service automation.,D,Structured fields are the whole story; message adds nothing.
L0185,clean,Felix,Rossi,felix.rossi184@personalmail.example.org,CX Program Manager,Northwind Retail Group,Retail,4200,France,Can you show us the reporting capabilities?,D,Structured fields are the whole story; message adds nothing.
L0113,clean,Liam,Rossi,liam.rossi112@granitefoods.example.com,Operations Associate,Granite Foods,Manufacturing,600,Poland,We'd like to see how the platform handles our ticket volume.,B,Structured fields are the whole story; message adds nothing.
L0200,clean,Noah,Sato,noah.sato199@primaservices.example.com,Chief Customer Officer,Prima Services,Business Services,45,United Kingdom,,B,Structured fields are the whole story; message adds nothing.
L0225,trap,Maja,Fischer,maja.fischer224@personalmail.example.org,CEO,Falcon Energy,Energy,2200,Germany,"This is for Falcon Energy (I'm on the leadership team, ~2200 employees). Corporate email is tied up in an IT migration, please reply here.",A,"Personal email hides an enterprise buyer; the message names the company, scale, and buying intent."
L0022,clean,Noah,Jensen,noah.jensen21@orbitanalytics.example.com,Chief Information Officer,Orbit Analytics,Technology,90,United Kingdom,Looking to modernize our knowledge base. Please reach out.,B,Structured fields are the whole story; message adds nothing.
L0213,trap,Lucas,Fischer,lucas.fischer212@personalmail.example.org,CEO,Cascade Insurance,Insurance,2800,United Kingdom,I run support operations at Cascade Insurance (2800+ agents). Using my personal email because our filters eat vendor mail. We're evaluating platforms for Q4.,A,"Personal email hides an enterprise buyer; the message names the company, scale, and buying intent."
L0132,clean,Mia,Klein,mia.klein131@falconenergy.example.com,VP Customer Support,Falcon Energy,Energy,2200,Poland,Looking to modernize our knowledge base. Please reach out.,A,Structured fields are the whole story; message adds nothing.
L0016,clean,Nina,Olsen,nina.olsen15@solidmfg.example.com,Service Desk Manager,Solid Manufacturing,Manufacturing,1200,United Kingdom,Looking to modernize our knowledge base. Please reach out.,B,Structured fields are the whole story; message adds nothing.
L0031,clean,Sofia,Moreau,sofia.moreau30@cascadeins.example.com,Head of Support Operations,Cascade Insurance,Insurance,2800,United Kingdom,,A,Structured fields are the whole story; message adds nothing.
L0204,clean,Nina,Sato,nina.sato203@helixmedia.example.com,CEO,Helix Media,Media,150,United Kingdom,Looking to modernize our knowledge base. Please reach out.,B,Structured fields are the whole story; message adds nothing.
L0089,clean,Mia,Olsen,mia.olsen88@cascadeins.example.com,CEO,Cascade Insurance,Insurance,2800,Australia,Looking to modernize our knowledge base. Please reach out.,A,Structured fields are the whole story; message adds nothing.
L0079,clean,Maja,Varga,maja.varga78@cascadeins.example.com,Director of CX,Cascade Insurance,Insurance,2800,Canada,Interested in a demo for our support team.,A,Structured fields are the whole story; message adds nothing.
L0219,trap,Lea,Varga,lea.varga218@personalmail.example.org,Director of IT,Beacon Financial,Financial Services,1500,United States,"This is for Beacon Financial (I'm on the leadership team, ~1500 employees). Corporate email is tied up in an IT migration, please reply here.",A,"Personal email hides an enterprise buyer; the message names the company, scale, and buying intent."
L0074,clean,Sofia,Olsen,sofia.olsen73@helixmedia.example.com,Operations Associate,Helix Media,Media,150,Canada,"Saw your webinar, want to learn more.",D,Structured fields are the whole story; message adds nothing.
L0242,trap,Liam,Jensen,liam.jensen241@northwindretail.example.com,Director of IT,Northwind Retail Group,Retail,4200,South Africa,We provide offshore staffing for support teams and would love to explore a partnership. Who handles vendor relationships?,D,Not a buyer: a vendor/partner pitch wearing a senior title.
L0061,clean,Oscar,Olsen,oscar.olsen60@atlastelecom.example.com,Director of CX,Atlas Telecom,Telecommunications,9000,United Kingdom,Looking to modernize our knowledge base. Please reach out.,A,Structured fields are the whole story; message adds nothing.
L0186,clean,Lea,Varga,lea.varga185@orbitanalytics.example.com,Operations Associate,Orbit Analytics,Technology,90,South Africa,,D,Structured fields are the whole story; message adds nothing.
L0004,clean,Liam,Moreau,liam.moreau3@northwindretail.example.com,Director of CX,Northwind Retail Group,Retail,4200,Japan,We'd like to see how the platform handles our ticket volume.,A,Structured fields are the whole story; message adds nothing.
L0249,trap,Maja,Olsen,maja.olsen248@helixmedia.example.com,Business Analyst,Helix Media,Media,150,United States,"Preparing a university case study about your category. No purchase intent, just a few questions.",D,"Research request, no purchase intent."
L0217,trap,Oscar,Jensen,oscar.jensen216@personalmail.example.org,Head of Support Operations,Falcon Energy,Energy,2200,Canada,"This is for Falcon Energy (I'm on the leadership team, ~2200 employees). Corporate email is tied up in an IT migration, please reply here.",A,"Personal email hides an enterprise buyer; the message names the company, scale, and buying intent."
L0065,clean,Emma,Rossi,emma.rossi64@personalmail.example.org,CX Program Manager,Vertex Logistics,Logistics,800,United Kingdom,Evaluating options for customer-service automation.,D,Structured fields are the whole story; message adds nothing.
L0026,clean,Ava,Olsen,ava.olsen25@cedarcommerce.example.com,Chief Customer Officer,Cedar Commerce,Retail,240,Canada,Evaluating options for customer-service automation.,A,Structured fields are the whole story; message adds nothing.
L0221,trap,Ava,Dias,ava.dias220@personalmail.example.org,CEO,Atlas Telecom,Telecommunications,9000,Poland,I run support operations at Atlas Telecom (9000+ agents). Using my personal email because our filters eat vendor mail. We're evaluating platforms for Q4.,A,"Personal email hides an enterprise buyer; the message names the company, scale, and buying intent."
L0214,trap,Hugo,Sato,hugo.sato213@personalmail.example.org,Director of CX,Solid Manufacturing,Manufacturing,1200,Germany,Writing from my personal address — I'm the Director of CX at Solid Manufacturing. We have budget approved for a knowledge-management overhaul this quarter.,A,"Personal email hides an enterprise buyer; the message names the company, scale, and buying intent."
L0227,trap,Oscar,Dias,oscar.dias226@personalmail.example.org,Head of Support Operations,Falcon Energy,Energy,2200,Japan,"This is for Falcon Energy (I'm on the leadership team, ~2200 employees). Corporate email is tied up in an IT migration, please reply here.",A,"Personal email hides an enterprise buyer; the message names the company, scale, and buying intent."
L0279,ambiguous,Liam,Rossi,liam.rossi278@kiteconsult.example.com,Graduate Student,Kite Consulting,Consulting,12,United States,Just exploring what's out there for now.,D,Borderline; tie-break favors the customer-facing outcome.
L0009,clean,Sofia,Novak,sofia.novak8@cedarcommerce.example.com,Business Analyst,Cedar Commerce,Retail,240,Poland,,B,Structured fields are the whole story; message adds nothing.
L0264,ambiguous,Ida,Silva,ida.silva263@cedarcommerce.example.com,Director of IT,Cedar Commerce,Retail,240,Poland,Just exploring what's out there for now.,B,Borderline; tie-break favors the customer-facing outcome.
L0228,trap,Sofia,Fischer,sofia.fischer227@personalmail.example.org,Chief Information Officer,Vertex Logistics,Logistics,800,United States,"This is for Vertex Logistics (I'm on the leadership team, ~800 employees). Corporate email is tied up in an IT migration, please reply here.",A,"Personal email hides an enterprise buyer; the message names the company, scale, and buying intent."
L0117,clean,Emma,Sato,emma.sato116@solidmfg.example.com,Head of Support Operations,Solid Manufacturing,Manufacturing,1200,United States,,A,Structured fields are the whole story; message adds nothing.
L0194,clean,Lucas,Kaur,lucas.kaur193@primaservices.example.com,Head of Support Operations,Prima Services,Business Services,45,Germany,Interested in a demo for our support team.,B,Structured fields are the whole story; message adds nothing.
L0199,clean,Mia,Kaur,mia.kaur198@beaconfin.example.com,Director of CX,Beacon Financial,Financial Services,1500,France,"Saw your webinar, want to learn more.",A,Structured fields are the whole story; message adds nothing.
L0243,trap,Jonas,Klein,jonas.klein242@cedarcommerce.example.com,Chief Information Officer,Cedar Commerce,Retail,240,Japan,Reseller inquiry: we distribute software in our region and want margin terms.,D,Not a buyer: a vendor/partner pitch wearing a senior title.
L0058,clean,Maja,Berg,maja.berg57@granitefoods.example.com,Director of CX,Granite Foods,Manufacturing,600,Poland,Evaluating options for customer-service automation.,A,Structured fields are the whole story; message adds nothing.
L0006,clean,Hugo,Novak,hugo.novak5@cedarcommerce.example.com,Chief Information Officer,Cedar Commerce,Retail,240,South Africa,,A,Structured fields are the whole story; message adds nothing.
L0130,clean,Ethan,Sato,ethan.sato129@kiteconsult.example.com,CEO,Kite Consulting,Consulting,12,United States,,B,Structured fields are the whole story; message adds nothing.
L0052,clean,Felix,Dias,felix.dias51@primaservices.example.com,Service Desk Manager,Prima Services,Business Services,45,Germany,,D,Structured fields are the whole story; message adds nothing.
L0111,clean,Felix,Walker,felix.walker110@helixmedia.example.com,CTO,Helix Media,Media,150,Japan,Can you show us the reporting capabilities?,B,Structured fields are the whole story; message adds nothing.
L0236,trap,Ida,Berg,ida.berg235@orbitanalytics.example.com,CEO,Orbit Analytics,Technology,90,France,We provide offshore staffing for support teams and would love to explore a partnership. Who handles vendor relationships?,D,Not a buyer: a vendor/partner pitch wearing a senior title.
L0018,clean,Nina,Rossi,nina.rossi17@northwindretail.example.com,Head of Support Operations,Northwind Retail Group,Retail,4200,Brazil,Can you show us the reporting capabilities?,A,Structured fields are the whole story; message adds nothing.
L0048,clean,Lucas,Olsen,lucas.olsen47@solidmfg.example.com,Operations Associate,Solid Manufacturing,Manufacturing,1200,Japan,Can you show us the reporting capabilities?,B,Structured fields are the whole story; message adds nothing.
L0136,clean,Lucas,Klein,lucas.klein135@harborviewhealth.example.com,CTO,Harborview Health,Healthcare,3500,United States,,A,Structured fields are the whole story; message adds nothing.
L0028,clean,Ethan,Klein,ethan.klein27@kiteconsult.example.com,VP Operations,Kite Consulting,Consulting,12,Japan,"Saw your webinar, want to learn more.",D,Structured fields are the whole story; message adds nothing.
L0260,ambiguous,Oscar,Dias,oscar.dias259@beaconfin.example.com,Business Analyst,Beacon Financial,Financial Services,1500,France,Curious about pricing.,B,Borderline; tie-break favors the customer-facing outcome.
L0283,ambiguous,Emma,Silva,emma.silva282@helixmedia.example.com,VP Customer Support,Helix Media,Media,150,Germany,Comparing a few tools for a project later this year.,B,Borderline; tie-break favors the customer-facing outcome.
L0162,clean,Oscar,Dias,oscar.dias161@cedarcommerce.example.com,CX Program Manager,Cedar Commerce,Retail,240,South Africa,Can you show us the reporting capabilities?,B,Structured fields are the whole story; message adds nothing.
L0170,clean,Liam,Berg,liam.berg169@northwindretail.example.com,Business Analyst,Northwind Retail Group,Retail,4200,United Kingdom,We'd like to see how the platform handles our ticket volume.,B,Structured fields are the whole story; message adds nothing.
L0109,clean,Oscar,Novak,oscar.novak108@orbitanalytics.example.com,Marketing Intern,Orbit Analytics,Technology,90,Germany,,D,Structured fields are the whole story; message adds nothing.
L0064,clean,Ethan,Olsen,ethan.olsen63@harborviewhealth.example.com,CEO,Harborview Health,Healthcare,3500,Germany,,A,Structured fields are the whole story; message adds nothing.
L0091,clean,Oscar,Rossi,oscar.rossi90@helixmedia.example.com,Service Desk Manager,Helix Media,Media,150,United Kingdom,,B,Structured fields are the whole story; message adds nothing.
L0175,clean,Liam,Rossi,liam.rossi174@granitefoods.example.com,Marketing Intern,Granite Foods,Manufacturing,600,France,"Saw your webinar, want to learn more.",B,Structured fields are the whole story; message adds nothing.
L0269,ambiguous,Hugo,Dias,hugo.dias268@cascadeins.example.com,Service Desk Manager,Cascade Insurance,Insurance,2800,Canada,Comparing a few tools for a project later this year.,B,Borderline; tie-break favors the customer-facing outcome.
L0133,clean,Maja,Klein,maja.klein132@harborviewhealth.example.com,Chief Information Officer,Harborview Health,Healthcare,3500,South Africa,Can you show us the reporting capabilities?,A,Structured fields are the whole story; message adds nothing.
L0285,ambiguous,Ida,Dias,ida.dias284@northwindretail.example.com,Support Agent,Northwind Retail Group,Retail,4200,Australia,A colleague recommended you — not sure yet if this fits our roadmap.,B,Borderline; tie-break favors the customer-facing outcome.
L0193,clean,Sofia,Kaur,sofia.kaur192@primaservices.example.com,Chief Customer Officer,Prima Services,Business Services,45,United Kingdom,,B,Structured fields are the whole story; message adds nothing.
L0144,clean,Noah,Kaur,noah.kaur143@nimbussoft.example.com,Director of CX,Nimbus Software,Technology,350,Germany,Interested in a demo for our support team.,B,Structured fields are the whole story; message adds nothing.
L0247,trap,Emma,Sato,emma.sato246@granitefoods.example.com,Business Analyst,Granite Foods,Manufacturing,600,Canada,I'm writing my master's thesis on AI in customer service. Could I get access for research purposes?,D,"Research request, no purchase intent."
L0083,clean,Ida,Walker,ida.walker82@beaconfin.example.com,CEO,Beacon Financial,Financial Services,1500,Australia,Looking to modernize our knowledge base. Please reach out.,A,Structured fields are the whole story; message adds nothing.
L0297,ambiguous,Lucas,Fischer,lucas.fischer296@falconenergy.example.com,Director of IT,Falcon Energy,Energy,2200,United Kingdom,Comparing a few tools for a project later this year.,B,Borderline; tie-break favors the customer-facing outcome.
L0112,clean,Noah,Novak,noah.novak111@primaservices.example.com,Director of CX,Prima Services,Business Services,45,United Kingdom,,B,Structured fields are the whole story; message adds nothing.
L0230,trap,Liam,Moreau,liam.moreau229@helixmedia.example.com,VP Operations,Helix Media,Media,150,Poland,We provide offshore staffing for support teams and would love to explore a partnership. Who handles vendor relationships?,D,Not a buyer: a vendor/partner pitch wearing a senior title.
L0259,ambiguous,Emma,Jensen,emma.jensen258@harborviewhealth.example.com,Service Desk Manager,Harborview Health,Healthcare,3500,Germany,Just exploring what's out there for now.,B,Borderline; tie-break favors the customer-facing outcome.
L0237,trap,Emma,Walker,emma.walker236@atlastelecom.example.com,Director of IT,Atlas Telecom,Telecommunications,9000,United States,Reseller inquiry: we distribute software in our region and want margin terms.,D,Not a buyer: a vendor/partner pitch wearing a senior title.
L0103,clean,Mia,Kaur,mia.kaur102@personalmail.example.org,Director of IT,Harborview Health,Healthcare,3500,United States,Evaluating options for customer-service automation.,B,Structured fields are the whole story; message adds nothing.
L0087,clean,Nina,Novak,nina.novak86@northwindretail.example.com,IT Manager,Northwind Retail Group,Retail,4200,United Kingdom,,A,Structured fields are the whole story; message adds nothing.
L0093,clean,Ethan,Silva,ethan.silva92@primaservices.example.com,Service Desk Manager,Prima Services,Business Services,45,Japan,"Saw your webinar, want to learn more.",D,Structured fields are the whole story; message adds nothing.
L0300,ambiguous,Mia,Walker,mia.walker299@cascadeins.example.com,Marketing Intern,Cascade Insurance,Insurance,2800,Japan,Just exploring what's out there for now.,B,Borderline; tie-break favors the customer-facing outcome.
L0205,clean,Nina,Dias,nina.dias204@solidmfg.example.com,Graduate Student,Solid Manufacturing,Manufacturing,1200,United States,,B,Structured fields are the whole story; message adds nothing.
L0010,clean,Felix,Walker,felix.walker9@granitefoods.example.com,Chief Customer Officer,Granite Foods,Manufacturing,600,Poland,,A,Structured fields are the whole story; message adds nothing.
L0135,clean,Liam,Klein,liam.klein134@helixmedia.example.com,VP Customer Support,Helix Media,Media,150,Poland,Can you show us the reporting capabilities?,B,Structured fields are the whole story; message adds nothing.
L0155,clean,Oscar,Varga,oscar.varga154@primaservices.example.com,VP Operations,Prima Services,Business Services,45,Canada,Evaluating options for customer-service automation.,B,Structured fields are the whole story; message adds nothing.
L0153,clean,Liam,Sato,liam.sato152@personalmail.example.org,Chief Customer Officer,Beacon Financial,Financial Services,1500,Brazil,,D,Structured fields are the whole story; message adds nothing.
L0108,clean,Mia,Silva,mia.silva107@atlastelecom.example.com,IT Manager,Atlas Telecom,Telecommunications,9000,United Kingdom,Evaluating options for customer-service automation.,A,Structured fields are the whole story; message adds nothing.
L0299,ambiguous,Lucas,Moreau,lucas.moreau298@beaconfin.example.com,Business Analyst,Beacon Financial,Financial Services,1500,South Africa,A colleague recommended you — not sure yet if this fits our roadmap.,B,Borderline; tie-break favors the customer-facing outcome.
L0100,clean,Maja,Moreau,maja.moreau99@kiteconsult.example.com,CTO,Kite Consulting,Consulting,12,Germany,We'd like to see how the platform handles our ticket volume.,B,Structured fields are the whole story; message adds nothing.
L0163,clean,Emma,Olsen,emma.olsen162@northwindretail.example.com,VP Operations,Northwind Retail Group,Retail,4200,France,,A,Structured fields are the whole story; message adds nothing.
L0244,trap,Maja,Novak,maja.novak243@northwindretail.example.com,Graduate Student,Northwind Retail Group,Retail,4200,South Africa,I'm writing my master's thesis on AI in customer service. Could I get access for research purposes?,D,"Research request, no purchase intent."
L0043,clean,Nina,Silva,nina.silva42@cedarcommerce.example.com,Marketing Intern,Cedar Commerce,Retail,240,United Kingdom,Evaluating options for customer-service automation.,B,Structured fields are the whole story; message adds nothing.
L0102,clean,Oscar,Fischer,oscar.fischer101@personalmail.example.org,Service Desk Manager,Granite Foods,Manufacturing,600,Canada,Evaluating options for customer-service automation.,D,Structured fields are the whole story; message adds nothing.
L0192,clean,Jonas,Varga,jonas.varga191@personalmail.example.org,Chief Customer Officer,Helix Media,Media,150,Poland,,B,Structured fields are the whole story; message adds nothing.
L0239,trap,Maja,Sato,maja.sato238@kiteconsult.example.com,Chief Information Officer,Kite Consulting,Consulting,12,Germany,We provide offshore staffing for support teams and would love to explore a partnership. Who handles vendor relationships?,D,Not a buyer: a vendor/partner pitch wearing a senior title.
L0147,clean,Ida,Berg,ida.berg146@beaconfin.example.com,Operations Associate,Beacon Financial,Financial Services,1500,Canada,"Saw your webinar, want to learn more.",B,Structured fields are the whole story; message adds nothing.
L0298,ambiguous,Mia,Klein,mia.klein297@cascadeins.example.com,Director of IT,Cascade Insurance,Insurance,2800,Australia,A colleague recommended you — not sure yet if this fits our roadmap.,B,Borderline; tie-break favors the customer-facing outcome.
L0038,clean,Nina,Berg,nina.berg37@solidmfg.example.com,VP Customer Support,Solid Manufacturing,Manufacturing,1200,Poland,,A,Structured fields are the whole story; message adds nothing.
L0212,trap,Ethan,Rossi,ethan.rossi211@personalmail.example.org,CEO,Solid Manufacturing,Manufacturing,1200,Australia,I run support operations at Solid Manufacturing (1200+ agents). Using my personal email because our filters eat vendor mail. We're evaluating platforms for Q4.,A,"Personal email hides an enterprise buyer; the message names the company, scale, and buying intent."
L0059,clean,Liam,Walker,liam.walker58@northwindretail.example.com,Director of IT,Northwind Retail Group,Retail,4200,Australia,,A,Structured fields are the whole story; message adds nothing.
L0152,clean,Ava,Jensen,ava.jensen151@solidmfg.example.com,Support Operations Manager,Solid Manufacturing,Manufacturing,1200,Australia,Interested in a demo for our support team.,B,Structured fields are the whole story; message adds nothing.
L0139,clean,Liam,Rossi,liam.rossi138@personalmail.example.org,Service Desk Manager,Helix Media,Media,150,Japan,Can you show us the reporting capabilities?,D,Structured fields are the whole story; message adds nothing.
L0036,clean,Emma,Varga,emma.varga35@helixmedia.example.com,CTO,Helix Media,Media,150,Japan,"Saw your webinar, want to learn more.",B,Structured fields are the whole story; message adds nothing.
L0104,clean,Maja,Rossi,maja.rossi103@vertexlogistics.example.com,Head of Support Operations,Vertex Logistics,Logistics,800,Brazil,"Saw your webinar, want to learn more.",B,Structured fields are the whole story; message adds nothing.
L0218,trap,Hugo,Fischer,hugo.fischer217@personalmail.example.org,VP Customer Support,Harborview Health,Healthcare,3500,Canada,"This is for Harborview Health (I'm on the leadership team, ~3500 employees). Corporate email is tied up in an IT migration, please reply here.",A,"Personal email hides an enterprise buyer; the message names the company, scale, and buying intent."
L0226,trap,Emma,Fischer,emma.fischer225@personalmail.example.org,Director of IT,Vertex Logistics,Logistics,800,Australia,"This is for Vertex Logistics (I'm on the leadership team, ~800 employees). Corporate email is tied up in an IT migration, please reply here.",A,"Personal email hides an enterprise buyer; the message names the company, scale, and buying intent."
L0029,clean,Mia,Berg,mia.berg28@nimbussoft.example.com,Support Operations Manager,Nimbus Software,Technology,350,United States,,B,Structured fields are the whole story; message adds nothing.
L0072,clean,Noah,Kaur,noah.kaur71@falconenergy.example.com,Marketing Intern,Falcon Energy,Energy,2200,United States,"Saw your webinar, want to learn more.",B,Structured fields are the whole story; message adds nothing.
L0195,clean,Hugo,Klein,hugo.klein194@vertexlogistics.example.com,Head of Support Operations,Vertex Logistics,Logistics,800,Brazil,Looking to modernize our knowledge base. Please reach out.,B,Structured fields are the whole story; message adds nothing.
L0256,ambiguous,Liam,Klein,liam.klein255@granitefoods.example.com,Marketing Intern,Granite Foods,Manufacturing,600,Poland,Just exploring what's out there for now.,B,Borderline; tie-break favors the customer-facing outcome.
L0271,ambiguous,Noah,Walker,noah.walker270@atlastelecom.example.com,Graduate Student,Atlas Telecom,Telecommunications,9000,South Africa,Comparing a few tools for a project later this year.,B,Borderline; tie-break favors the customer-facing outcome.
L0127,clean,Noah,Varga,noah.varga126@falconenergy.example.com,CX Program Manager,Falcon Energy,Energy,2200,France,Can you show us the reporting capabilities?,B,Structured fields are the whole story; message adds nothing.
L0120,clean,Emma,Olsen,emma.olsen119@kiteconsult.example.com,Chief Information Officer,Kite Consulting,Consulting,12,United Kingdom,,B,Structured fields are the whole story; message adds nothing.
L0272,ambiguous,Nina,Varga,nina.varga271@harborviewhealth.example.com,Support Operations Manager,Harborview Health,Healthcare,3500,Australia,Comparing a few tools for a project later this year.,B,Borderline; tie-break favors the customer-facing outcome.
L0070,clean,Ava,Rossi,ava.rossi69@helixmedia.example.com,VP Customer Support,Helix Media,Media,150,Brazil,Looking to modernize our knowledge base. Please reach out.,B,Structured fields are the whole story; message adds nothing.
L0012,clean,Liam,Olsen,liam.olsen11@helixmedia.example.com,Service Desk Manager,Helix Media,Media,150,France,Can you show us the reporting capabilities?,B,Structured fields are the whole story; message adds nothing.
L0262,ambiguous,Mia,Varga,mia.varga261@kiteconsult.example.com,Business Analyst,Kite Consulting,Consulting,12,France,Just exploring what's out there for now.,D,Borderline; tie-break favors the customer-facing outcome.
L0184,clean,Oscar,Silva,oscar.silva183@cascadeins.example.com,VP Customer Support,Cascade Insurance,Insurance,2800,United Kingdom,Can you show us the reporting capabilities?,A,Structured fields are the whole story; message adds nothing.
L0250,trap,Ava,Olsen,ava.olsen249@nimbussoft.example.com,Service Desk Manager,Nimbus Software,Technology,350,United Kingdom,"Board signed off on replacing our support stack this quarter. Shortlisting two vendors, you're one of them.",A,"Mid-market on paper, but explicit timeline and mandate make it priority."
L0223,trap,Mia,Berg,mia.berg222@personalmail.example.org,VP Customer Support,Cascade Insurance,Insurance,2800,Canada,Writing from my personal address — I'm the VP Customer Support at Cascade Insurance. We have budget approved for a knowledge-management overhaul this quarter.,A,"Personal email hides an enterprise buyer; the message names the company, scale, and buying intent."
L0090,clean,Oscar,Silva,oscar.silva89@northwindretail.example.com,VP Operations,Northwind Retail Group,Retail,4200,Australia,Evaluating options for customer-service automation.,A,Structured fields are the whole story; message adds nothing.
L0027,clean,Hugo,Fischer,hugo.fischer26@vertexlogistics.example.com,Director of IT,Vertex Logistics,Logistics,800,Brazil,Can you show us the reporting capabilities?,B,Structured fields are the whole story; message adds nothing.
L0114,clean,Emma,Novak,emma.novak113@harborviewhealth.example.com,Chief Customer Officer,Harborview Health,Healthcare,3500,Japan,We'd like to see how the platform handles our ticket volume.,A,Structured fields are the whole story; message adds nothing.
L0180,clean,Lucas,Fischer,lucas.fischer179@northwindretail.example.com,Chief Information Officer,Northwind Retail Group,Retail,4200,Canada,Looking to modernize our knowledge base. Please reach out.,A,Structured fields are the whole story; message adds nothing.
L0277,ambiguous,Lucas,Silva,lucas.silva276@falconenergy.example.com,Director of CX,Falcon Energy,Energy,2200,United Kingdom,Comparing a few tools for a project later this year.,B,Borderline; tie-break favors the customer-facing outcome.
L0134,clean,Mia,Walker,mia.walker133@vertexlogistics.example.com,IT Manager,Vertex Logistics,Logistics,800,United States,Evaluating options for customer-service automation.,A,Structured fields are the whole story; message adds nothing.
L0119,clean,Hugo,Rossi,hugo.rossi118@vertexlogistics.example.com,Chief Customer Officer,Vertex Logistics,Logistics,800,Poland,Evaluating options for customer-service automation.,A,Structured fields are the whole story; message adds nothing.
L0148,clean,Liam,Berg,liam.berg147@falconenergy.example.com,Chief Customer Officer,Falcon Energy,Energy,2200,Canada,,A,Structured fields are the whole story; message adds nothing.
L0164,clean,Felix,Berg,felix.berg163@vertexlogistics.example.com,CTO,Vertex Logistics,Logistics,800,Australia,Interested in a demo for our support team.,A,Structured fields are the whole story; message adds nothing.
L0154,clean,Ava,Walker,ava.walker153@falconenergy.example.com,Chief Information Officer,Falcon Energy,Energy,2200,United Kingdom,,A,Structured fields are the whole story; message adds nothing.
L0215,trap,Hugo,Varga,hugo.varga214@personalmail.example.org,Head of Support Operations,Atlas Telecom,Telecommunications,9000,France,Writing from my personal address — I'm the Head of Support Operations at Atlas Telecom. We have budget approved for a knowledge-management overhaul this quarter.,A,"Personal email hides an enterprise buyer; the message names the company, scale, and buying intent."
L0251,trap,Liam,Olsen,liam.olsen250@nimbussoft.example.com,VP Customer Support,Nimbus Software,Technology,350,United States,Our current vendor's contract expires in six weeks and we're not renewing. Need a decision path fast — 350 agents to migrate.,A,"Mid-market on paper, but explicit timeline and mandate make it priority."
L0067,clean,Mia,Moreau,mia.moreau66@cedarcommerce.example.com,Chief Information Officer,Cedar Commerce,Retail,240,France,Looking to modernize our knowledge base. Please reach out.,A,Structured fields are the whole story; message adds nothing.
L0050,clean,Ida,Jensen,ida.jensen49@cedarcommerce.example.com,Support Operations Manager,Cedar Commerce,Retail,240,Canada,"Saw your webinar, want to learn more.",A,Structured fields are the whole story; message adds nothing.
L0190,clean,Lucas,Silva,lucas.silva189@orbitanalytics.example.com,CX Program Manager,Orbit Analytics,Technology,90,South Africa,Evaluating options for customer-service automation.,D,Structured fields are the whole story; message adds nothing.
L0179,clean,Felix,Olsen,felix.olsen178@atlastelecom.example.com,IT Manager,Atlas Telecom,Telecommunications,9000,Japan,We'd like to see how the platform handles our ticket volume.,A,Structured fields are the whole story; message adds nothing.
L0238,trap,Ava,Sato,ava.sato237@granitefoods.example.com,Support Operations Manager,Granite Foods,Manufacturing,600,United Kingdom,We provide offshore staffing for support teams and would love to explore a partnership. Who handles vendor relationships?,D,Not a buyer: a vendor/partner pitch wearing a senior title.
L0025,clean,Nina,Silva,nina.silva24@falconenergy.example.com,Director of IT,Falcon Energy,Energy,2200,United States,Can you show us the reporting capabilities?,A,Structured fields are the whole story; message adds nothing.
L0005,clean,Oscar,Berg,oscar.berg4@falconenergy.example.com,VP Customer Support,Falcon Energy,Energy,2200,South Africa,"Saw your webinar, want to learn more.",B,Structured fields are the whole story; message adds nothing.
L0294,ambiguous,Liam,Dias,liam.dias293@helixmedia.example.com,IT Manager,Helix Media,Media,150,United States,Curious about pricing.,B,Borderline; tie-break favors the customer-facing outcome.
L0292,ambiguous,Oscar,Novak,oscar.novak291@harborviewhealth.example.com,Director of CX,Harborview Health,Healthcare,3500,Japan,A colleague recommended you — not sure yet if this fits our roadmap.,B,Borderline; tie-break favors the customer-facing outcome.
L0293,ambiguous,Ethan,Moreau,ethan.moreau292@cascadeins.example.com,CX Program Manager,Cascade Insurance,Insurance,2800,Japan,Comparing a few tools for a project later this year.,B,Borderline; tie-break favors the customer-facing outcome.
L0143,clean,Lucas,Fischer,lucas.fischer142@vertexlogistics.example.com,IT Manager,Vertex Logistics,Logistics,800,Brazil,We'd like to see how the platform handles our ticket volume.,B,Structured fields are the whole story; message adds nothing.
L0129,clean,Ava,Rossi,ava.rossi128@primaservices.example.com,Director of CX,Prima Services,Business Services,45,Canada,"Saw your webinar, want to learn more.",B,Structured fields are the whole story; message adds nothing.
L0160,clean,Nina,Berg,nina.berg159@granitefoods.example.com,Operations Associate,Granite Foods,Manufacturing,600,France,Can you show us the reporting capabilities?,B,Structured fields are the whole story; message adds nothing.
L0053,clean,Lea,Novak,lea.novak52@harborviewhealth.example.com,CTO,Harborview Health,Healthcare,3500,Japan,Evaluating options for customer-service automation.,A,Structured fields are the whole story; message adds nothing.
L0086,clean,Ida,Kaur,ida.kaur85@falconenergy.example.com,Chief Customer Officer,Falcon Energy,Energy,2200,Japan,Interested in a demo for our support team.,A,Structured fields are the whole story; message adds nothing.
L0094,clean,Ethan,Novak,ethan.novak93@beaconfin.example.com,Support Operations Manager,Beacon Financial,Financial Services,1500,Poland,Evaluating options for customer-service automation.,A,Structured fields are the whole story; message adds nothing.
L0115,clean,Mia,Kaur,mia.kaur114@personalmail.example.org,Service Desk Manager,Vertex Logistics,Logistics,800,Canada,,D,Structured fields are the whole story; message adds nothing.
L0046,clean,Ava,Olsen,ava.olsen45@granitefoods.example.com,IT Manager,Granite Foods,Manufacturing,600,France,,B,Structured fields are the whole story; message adds nothing.
L0125,clean,Felix,Novak,felix.novak124@personalmail.example.org,Support Operations Manager,Cascade Insurance,Insurance,2800,United Kingdom,,D,Structured fields are the whole story; message adds nothing.
L0011,clean,Maja,Novak,maja.novak10@falconenergy.example.com,Chief Customer Officer,Falcon Energy,Energy,2200,Australia,We'd like to see how the platform handles our ticket volume.,A,Structured fields are the whole story; message adds nothing.
L0291,ambiguous,Ava,Berg,ava.berg290@northwindretail.example.com,Business Analyst,Northwind Retail Group,Retail,4200,Brazil,Curious about pricing.,B,Borderline; tie-break favors the customer-facing outcome.
L0014,clean,Oscar,Fischer,oscar.fischer13@helixmedia.example.com,Head of Support Operations,Helix Media,Media,150,Japan,,B,Structured fields are the whole story; message adds nothing.
L0263,ambiguous,Ida,Silva,ida.silva262@helixmedia.example.com,Director of CX,Helix Media,Media,150,South Africa,Just exploring what's out there for now.,B,Borderline; tie-break favors the customer-facing outcome.
L0280,ambiguous,Ava,Jensen,ava.jensen279@kiteconsult.example.com,VP Operations,Kite Consulting,Consulting,12,France,Curious about pricing.,B,Borderline; tie-break favors the customer-facing outcome.
L0254,trap,Ava,Varga,ava.varga253@nimbussoft.example.com,IT Manager,Nimbus Software,Technology,350,Poland,"Board signed off on replacing our support stack this quarter. Shortlisting two vendors, you're one of them.",A,"Mid-market on paper, but explicit timeline and mandate make it priority."
L0056,clean,Nina,Klein,nina.klein55@beaconfin.example.com,CTO,Beacon Financial,Financial Services,1500,Canada,Evaluating options for customer-service automation.,A,Structured fields are the whole story; message adds nothing.
L0150,clean,Maja,Berg,maja.berg149@nimbussoft.example.com,VP Customer Support,Nimbus Software,Technology,350,United States,,A,Structured fields are the whole story; message adds nothing.
L0032,clean,Emma,Silva,emma.silva31@primaservices.example.com,Support Operations Manager,Prima Services,Business Services,45,Canada,"Saw your webinar, want to learn more.",D,Structured fields are the whole story; message adds nothing.
L0196,clean,Maja,Silva,maja.silva195@helixmedia.example.com,IT Manager,Helix Media,Media,150,Germany,"Saw your webinar, want to learn more.",B,Structured fields are the whole story; message adds nothing.
L0165,clean,Emma,Walker,emma.walker164@northwindretail.example.com,CX Program Manager,Northwind Retail Group,Retail,4200,Canada,"Saw your webinar, want to learn more.",A,Structured fields are the whole story; message adds nothing.
L0126,clean,Maja,Fischer,maja.fischer125@atlastelecom.example.com,Head of Support Operations,Atlas Telecom,Telecommunications,9000,Australia,"Saw your webinar, want to learn more.",A,Structured fields are the whole story; message adds nothing.
L0282,ambiguous,Hugo,Silva,hugo.silva281@solidmfg.example.com,Head of Support Operations,Solid Manufacturing,Manufacturing,1200,United Kingdom,Comparing a few tools for a project later this year.,B,Borderline; tie-break favors the customer-facing outcome.
L0062,clean,Ida,Jensen,ida.jensen61@northwindretail.example.com,VP Customer Support,Northwind Retail Group,Retail,4200,Canada,Evaluating options for customer-service automation.,A,Structured fields are the whole story; message adds nothing.
L0037,clean,Mia,Walker,mia.walker36@harborviewhealth.example.com,Director of CX,Harborview Health,Healthcare,3500,Brazil,Can you show us the reporting capabilities?,A,Structured fields are the whole story; message adds nothing.
L0265,ambiguous,Ethan,Kaur,ethan.kaur264@orbitanalytics.example.com,Operations Associate,Orbit Analytics,Technology,90,Brazil,A colleague recommended you — not sure yet if this fits our roadmap.,D,Borderline; tie-break favors the customer-facing outcome.
L0229,trap,Lea,Varga,lea.varga228@cascadeins.example.com,Service Desk Manager,Cascade Insurance,Insurance,2800,Australia,"I run an agency helping SaaS companies with SEO. This is about a collaboration, not a purchase.",D,Not a buyer: a vendor/partner pitch wearing a senior title.
L0267,ambiguous,Sofia,Fischer,sofia.fischer266@kiteconsult.example.com,Operations Associate,Kite Consulting,Consulting,12,Poland,A colleague recommended you — not sure yet if this fits our roadmap.,D,Borderline; tie-break favors the customer-facing outcome.
L0183,clean,Ida,Novak,ida.novak182@personalmail.example.org,VP Operations,Atlas Telecom,Telecommunications,9000,Canada,We'd like to see how the platform handles our ticket volume.,B,Structured fields are the whole story; message adds nothing.
L0003,clean,Liam,Dias,liam.dias2@orbitanalytics.example.com,CTO,Orbit Analytics,Technology,90,South Africa,,B,Structured fields are the whole story; message adds nothing.
L0191,clean,Mia,Olsen,mia.olsen190@atlastelecom.example.com,Business Analyst,Atlas Telecom,Telecommunications,9000,Canada,We'd like to see how the platform handles our ticket volume.,B,Structured fields are the whole story; message adds nothing.
L0084,clean,Felix,Jensen,felix.jensen83@personalmail.example.org,Support Operations Manager,Solid Manufacturing,Manufacturing,1200,Poland,Can you show us the reporting capabilities?,D,Structured fields are the whole story; message adds nothing.
L0019,clean,Ava,Olsen,ava.olsen18@falconenergy.example.com,CEO,Falcon Energy,Energy,2200,Brazil,,A,Structured fields are the whole story; message adds nothing.
L0188,clean,Sofia,Klein,sofia.klein187@personalmail.example.org,IT Manager,Falcon Energy,Energy,2200,Japan,"Saw your webinar, want to learn more.",D,Structured fields are the whole story; message adds nothing.
L0096,clean,Ida,Rossi,ida.rossi95@vertexlogistics.example.com,CEO,Vertex Logistics,Logistics,800,France,Can you show us the reporting capabilities?,A,Structured fields are the whole story; message adds nothing.
L0128,clean,Nina,Olsen,nina.olsen127@harborviewhealth.example.com,Head of Support Operations,Harborview Health,Healthcare,3500,United Kingdom,"Saw your webinar, want to learn more.",A,Structured fields are the whole story; message adds nothing.
L0137,clean,Sofia,Kaur,sofia.kaur136@cascadeins.example.com,Marketing Intern,Cascade Insurance,Insurance,2800,Germany,We'd like to see how the platform handles our ticket volume.,B,Structured fields are the whole story; message adds nothing.
L0069,clean,Sofia,Klein,sofia.klein68@cedarcommerce.example.com,Director of IT,Cedar Commerce,Retail,240,Japan,,A,Structured fields are the whole story; message adds nothing.
L0245,trap,Jonas,Varga,jonas.varga244@solidmfg.example.com,Business Analyst,Solid Manufacturing,Manufacturing,1200,Canada,"Preparing a university case study about your category. No purchase intent, just a few questions.",D,"Research request, no purchase intent."
L0210,clean,Hugo,Sato,hugo.sato209@northwindretail.example.com,CX Program Manager,Northwind Retail Group,Retail,4200,Japan,Interested in a demo for our support team.,A,Structured fields are the whole story; message adds nothing.
L0008,clean,Ethan,Novak,ethan.novak7@orbitanalytics.example.com,Service Desk Manager,Orbit Analytics,Technology,90,Poland,Evaluating options for customer-service automation.,B,Structured fields are the whole story; message adds nothing.
L0047,clean,Ethan,Olsen,ethan.olsen46@cascadeins.example.com,Graduate Student,Cascade Insurance,Insurance,2800,Germany,"Saw your webinar, want to learn more.",B,Structured fields are the whole story; message adds nothing.
L0253,trap,Lea,Jensen,lea.jensen252@granitefoods.example.com,Service Desk Manager,Granite Foods,Manufacturing,600,Poland,Our current vendor's contract expires in six weeks and we're not renewing. Need a decision path fast — 600 agents to migrate.,A,"Mid-market on paper, but explicit timeline and mandate make it priority."
L0145,clean,Jonas,Jensen,jonas.jensen144@northwindretail.example.com,Support Agent,Northwind Retail Group,Retail,4200,South Africa,Looking to modernize our knowledge base. Please reach out.,B,Structured fields are the whole story; message adds nothing.
L0172,clean,Lucas,Berg,lucas.berg171@harborviewhealth.example.com,Chief Customer Officer,Harborview Health,Healthcare,3500,United States,,A,Structured fields are the whole story; message adds nothing.
L0178,clean,Ida,Dias,ida.dias177@granitefoods.example.com,Graduate Student,Granite Foods,Manufacturing,600,Brazil,Interested in a demo for our support team.,B,Structured fields are the whole story; message adds nothing.
L0266,ambiguous,Jonas,Berg,jonas.berg265@orbitanalytics.example.com,VP Operations,Orbit Analytics,Technology,90,United Kingdom,Comparing a few tools for a project later this year.,B,Borderline; tie-break favors the customer-facing outcome.
